Rank,Name,Platform,Year,Genre,Publisher,NA_Sales,EU_Sales,JP_Sales,Other_Sales,Global_Sales
15197,Let's Play Flight Attendant,DS,2010.0,Simulation,Deep Silver,0.02,0.0,0.0,0.0,0.02
5292,Mini Ninjas,DS,2009.0,Action,Eidos Interactive,0.17,0.15,0.0,0.04,0.35
3119,SingStar Pop Hits,PS2,2007.0,Misc,Sony Computer Entertainment,0.0,0.5,0.0,0.15,0.65
13923,Super Army War,GBA,2005.0,Action,Flashpoint Games,0.03,0.01,0.0,0.0,0.04
7564,Rocket Power: Zero Gravity Zone,GBA,2003.0,Sports,THQ,0.14,0.05,0.0,0.0,0.2
6249,Dead Rising 2: Off the Record,X360,2011.0,Action,Capcom,0.17,0.09,0.0,0.02,0.28
1207,Command & Conquer: Tiberian Sun,PC,1999.0,Strategy,Westwood Studios,1.55,0.0,0.0,0.0,1.55
13250,Rock 'N Roll Racing,GBA,2003.0,Racing,Activision,0.03,0.01,0.0,0.0,0.05
2378,Gex,PS,1995.0,Platform,Crystal Dynamics,0.49,0.33,0.0,0.06,0.87
2171,PilotWings Resort,3DS,2011.0,Simulation,Nintendo,0.4,0.36,0.13,0.07,0.96
1175,Need for Speed: Most Wanted,X360,2012.0,Racing,Electronic Arts,0.62,0.8,0.01,0.15,1.58
8025,NARC,XB,2005.0,Shooter,Midway Games,0.14,0.04,0.0,0.01,0.18
21,Pokemon Diamond/Pokemon Pearl,DS,2006.0,Role-Playing,Nintendo,6.42,4.52,6.04,1.37,18.36
3793,The Lord of the Rings: The Fellowship of the Ring,XB,2002.0,Action,Universal Interactive,0.31,0.19,0.0,0.03,0.53
8752,XGIII: Extreme G Racing,GC,2001.0,Racing,Acclaim Entertainment,0.12,0.03,0.0,0.0,0.15
5364,Skylanders: Trap Team,XOne,2014.0,Action,Activision,0.25,0.07,0.0,0.03,0.34
6307,Baten Kaitos: Eternal Wings and the Lost Ocean,GC,2003.0,Role-Playing,Nintendo,0.21,0.05,0.0,0.01,0.27
4944,Skylanders Giants,WiiU,2012.0,Action,Activision,0.23,0.12,0.0,0.04,0.39
12012,Point Blank DS (JP sales),DS,2006.0,Shooter,Atari,0.0,0.0,0.07,0.0,0.07
5851,NASCAR 2011: The Game,X360,2011.0,Racing,Activision,0.29,0.0,0.0,0.02,0.3
12248,Hot Wheels: Burnin' Rubber,GBA,2001.0,Racing,THQ,0.05,0.02,0.0,0.0,0.06
12251,Chrysler Classic Racing,Wii,2008.0,Racing,Zoo Games,0.06,0.0,0.0,0.0,0.06
1385,Far Cry 2,PS3,2008.0,Action,Ubisoft,0.43,0.7,0.01,0.27,1.4
10891,Digimon World: Next Order,PSV,2016.0,Action,Namco Bandai Games,0.0,0.0,0.09,0.0,0.09
14383,Doodle Hex,DS,2008.0,Puzzle,Pinnacle,0.0,0.03,0.0,0.0,0.03
966,Madden NFL 07,X360,2006.0,Sports,Electronic Arts,1.66,0.0,0.01,0.13,1.8
6199,Corvette,GBA,2003.0,Racing,TDK Mediactive,0.2,0.07,0.0,0.01,0.28
12279,Miami Vice: The Game,PSP,2006.0,Shooter,Activision,0.06,0.0,0.0,0.0,0.06
3606,Yu-Gi-Oh! Reshef of Destruction,GBA,2003.0,Strategy,Konami Digital Entertainment,0.4,0.15,0.0,0.01,0.56
12963,Air Conflicts: Aces of World War II,PSP,2009.0,Simulation,Graffiti,0.05,0.0,0.0,0.0,0.05
13822,Time Travelers,3DS,2012.0,Adventure,Unknown,0.0,0.0,0.04,0.0,0.04
2284,Colin McRae Rally 2.0,PS,2000.0,Racing,Codemasters,0.02,0.8,0.02,0.07,0.91
5512,Hatsune Miku: Project Diva Extend,PSP,2011.0,Misc,Sega,0.0,0.0,0.33,0.0,0.33
14453,Kaidan Restaurant: Zoku! Shin Menu 100-Sen,DS,2011.0,Misc,Namco Bandai Games,0.0,0.0,0.03,0.0,0.03
10456,Army Corps of Hell,PSV,2011.0,Action,Square Enix,0.05,0.04,0.0,0.02,0.1
16500,Snood 2: On Vacation,GBA,2005.0,Puzzle,Zoo Digital Publishing,0.01,0.0,0.0,0.0,0.01
7166,Hatsune Miku: Project Mirai 2,3DS,2013.0,Action,Sega,0.0,0.0,0.22,0.0,0.22
13397,Cabela's Trophy Bucks,X360,2007.0,Sports,Activision Value,0.04,0.0,0.0,0.0,0.05
13177,Virtua Tennis 3,X360,2007.0,Sports,Sega,0.03,0.02,0.0,0.0,0.05
13594,Battle Rage,Wii,2008.0,Shooter,Popcorn Arcade,0.04,0.0,0.0,0.0,0.04
11279,Pachitte Chonmage Tatsujin 13: Pachinko Hissatsu Shigotojin III,PS2,2007.0,Misc,Hackberry,0.0,0.0,0.08,0.0,0.08
12532,Power Pro Success Legends,PSP,2010.0,Sports,Konami Digital Entertainment,0.0,0.0,0.06,0.0,0.06
2020,NCAA March Madness 2004,PS2,2003.0,Sports,Electronic Arts,0.5,0.39,0.0,0.13,1.03
1648,Max Payne,XB,2001.0,Shooter,Take-Two Interactive,0.98,0.19,0.0,0.05,1.22
899,Red Faction,PS2,2001.0,Shooter,THQ,0.76,0.96,0.0,0.2,1.92
127,The Elder Scrolls V: Skyrim,PS3,2011.0,Role-Playing,Bethesda Softworks,2.55,2.71,0.25,1.05,6.56
12184,Transformer: Rise of the Dark Spark,WiiU,2014.0,Action,Activision,0.05,0.01,0.0,0.01,0.07
5563,LEGO The Lord of the Rings,PSV,2012.0,Action,Warner Bros. Interactive Entertainment,0.1,0.15,0.0,0.07,0.33
10444,Pariah,XB,2005.0,Action,Hip Interactive,0.08,0.02,0.0,0.0,0.1
6620,Tearaway Unfolded,PS4,2015.0,Platform,Sony Computer Entertainment,0.09,0.12,0.0,0.04,0.25
5602,NBA Street V3,XB,2005.0,Sports,Electronic Arts,0.28,0.03,0.0,0.01,0.32
8022,Driving Emotion Type-S,PS2,2000.0,Racing,Electronic Arts,0.04,0.03,0.11,0.01,0.18
7287,J-League Winning Eleven 2008: Club Championship,PS2,2008.0,Sports,Konami Digital Entertainment,0.0,0.0,0.22,0.0,0.22
12891,Rockin' Pretty,DS,2009.0,Misc,Arc System Works,0.05,0.0,0.0,0.0,0.05
15349,Code R,SAT,1998.0,Adventure,Quintet,0.0,0.0,0.02,0.0,0.02
562,Yokai Watch 2 Shinuchi,3DS,2014.0,Role-Playing,Level 5,0.0,0.0,2.68,0.0,2.68
5568,Discovery Kids: Puppy Playtime,DS,2009.0,Simulation,505 Games,0.3,0.0,0.0,0.02,0.33
626,NBA 2K14,X360,2013.0,Sports,Take-Two Interactive,2.1,0.2,0.0,0.17,2.47
11116,Crayon Shin-Chan Shokkugan! Densetsu o Yobu Omake Daiketsusen!!,DS,2010.0,Action,Namco Bandai Games,0.0,0.0,0.09,0.0,0.09
12626,Tron 2.0: Killer App,XB,2004.0,Action,Disney Interactive Studios,0.04,0.01,0.0,0.0,0.06
14909,Kyokugen Dasshutsu ADV: Zennin Shiboudesu,PSV,2012.0,Adventure,ChunSoft,0.0,0.0,0.03,0.0,0.03
2360,Peppa Pig: The Game,DS,2008.0,Misc,Pinnacle,0.0,0.82,0.0,0.06,0.88
14343,Exstetra,PSV,2013.0,Role-Playing,FuRyu,0.0,0.0,0.03,0.0,0.03
12365,The Legend of Heroes: Trails in the Sky Second Chapter,PSP,2007.0,Role-Playing,Falcom Corporation,0.0,0.0,0.06,0.0,0.06
1826,Disney Infinity 2.0: Marvel Super Heroes,X360,2014.0,Action,Disney Interactive Studios,0.62,0.4,0.0,0.1,1.12
1394,Deus Ex: Human Revolution,PS3,2011.0,Shooter,Square Enix,0.5,0.6,0.07,0.23,1.39
4962,Super Famista 3,SNES,1994.0,Sports,Namco Bandai Games,0.0,0.0,0.39,0.0,0.39
12541,Toriko: Gourmet Battle!,3DS,2013.0,Role-Playing,Namco Bandai Games,0.0,0.0,0.06,0.0,0.06
16362,NHL 2K7,XB,2006.0,Sports,Take-Two Interactive,0.01,0.0,0.0,0.0,0.01
9397,Castrol Honda Superbike Racing,PS,1998.0,Racing,THQ,0.07,0.05,0.0,0.01,0.13
15365,F1 2002,GBA,2002.0,Racing,"Destination Software, Inc",0.01,0.01,0.0,0.0,0.02
12545,Commandos: Strike Force,PS2,2006.0,Shooter,Eidos Interactive,0.03,0.02,0.0,0.01,0.06
4150,Alien Trilogy,PS,1996.0,Shooter,Acclaim Entertainment,0.24,0.16,0.04,0.03,0.47
14551,MapleStory DS,DS,2010.0,Role-Playing,Nexon,0.0,0.0,0.03,0.0,0.03
13093,Marriage Royale: Prism Story,PSP,2010.0,Adventure,ASCII Media Works,0.0,0.0,0.05,0.0,0.05
5986,Ben 10 Alien Force: Vilgax Attacks,PS2,2009.0,Action,D3Publisher,0.11,0.03,0.0,0.15,0.29
13803,Haneru no Tobira DS: Tanshuku Tetsudou no Yoru,DS,2007.0,Misc,Namco Bandai Games,0.0,0.0,0.04,0.0,0.04
11480,Wetrix,N64,1998.0,Puzzle,Ocean,0.06,0.02,0.0,0.0,0.08
11555,Tomb Raider: Legend,GC,2006.0,Action,Eidos Interactive,0.06,0.02,0.0,0.0,0.08
2362,Ghostbusters: The Video Game,Wii,2009.0,Action,Atari,0.6,0.21,0.0,0.08,0.88
12429,DreamWorks Super Star Kartz,X360,2011.0,Racing,Activision,0.05,0.01,0.0,0.0,0.06
11080,Tornado Outbreak,PS3,2009.0,Action,Konami Digital Entertainment,0.08,0.0,0.0,0.01,0.09
7021,Skylanders: SuperChargers,XOne,2015.0,Action,Activision,0.16,0.05,0.0,0.02,0.23
12119,Just Dance: Disney Party 2,XOne,2015.0,Action,Ubisoft,0.05,0.01,0.0,0.01,0.07
13666,Farm Frenzy 3,PC,2009.0,Strategy,Alawar Entertainment,0.0,0.03,0.0,0.01,0.04
1433,Ryse: Son of Rome,XOne,2013.0,Action,Microsoft Game Studios,0.82,0.42,0.0,0.11,1.36
8717,Mat Hoffman's Pro BMX 2,GBA,2002.0,Sports,Activision,0.11,0.04,0.0,0.0,0.16
4253,SingStar Amped,PS2,2007.0,Misc,Sony Computer Entertainment,0.23,0.18,0.0,0.06,0.46
10543,Hot Wheels Ultimate Racing,PSP,2007.0,Action,Activision,0.09,0.0,0.0,0.01,0.1
4517,Sleeping Dogs,PS4,2014.0,Action,Square Enix,0.16,0.2,0.0,0.07,0.43
13066,The Idolmaster: Gravure For You! Vol. 2,PS3,2011.0,Misc,Namco Bandai Games,0.0,0.0,0.05,0.0,0.05
8614,Shinobido 2: Tales of the Ninja,PSV,2011.0,Action,Sony Computer Entertainment,0.06,0.05,0.02,0.03,0.16
10483,Etrian Odyssey II: Heroes of Lagaard,3DS,2014.0,Role-Playing,Atlus,0.0,0.0,0.1,0.0,0.1
11947,Loons: The Fight For Fame,XB,2002.0,Action,Atari,0.05,0.02,0.0,0.0,0.07
270,FIFA Soccer 06,PS2,2005.0,Sports,Electronic Arts,0.78,2.55,0.04,0.84,4.21
12768,Ski Region Simulator,PC,2011.0,Simulation,Excalibur Publishing,0.0,0.05,0.0,0.01,0.06
6488,The Adventures of Jimmy Neutron Boy Genius vs. Jimmy Negatron,GBA,2002.0,Action,THQ,0.19,0.07,0.0,0.0,0.26
1047,Need for Speed Underground,XB,2003.0,Racing,Electronic Arts,1.09,0.55,0.0,0.07,1.71
5934,Mega Man ZX,DS,2006.0,Platform,Capcom,0.18,0.0,0.1,0.02,0.3
4129,Nickelodeon Team Umizoomi,DS,2011.0,Action,Take-Two Interactive,0.45,0.0,0.0,0.03,0.48
781,PES 2009: Pro Evolution Soccer,PS3,2008.0,Sports,Konami Digital Entertainment,0.11,1.34,0.4,0.26,2.11
3087,Disney's Kim Possible 2: Drakken's Demise,GBA,2004.0,Platform,Disney Interactive Studios,0.47,0.17,0.0,0.01,0.66
6795,Corpse Party: Blood Drive,PSV,2014.0,Adventure,Marvelous Interactive,0.11,0.03,0.06,0.05,0.24
1686,WWE 2K14,PS3,2013.0,Sports,Take-Two Interactive,0.49,0.49,0.0,0.21,1.19
12321,F1 2001,XB,2001.0,Racing,Electronic Arts,0.05,0.01,0.0,0.0,0.06
1796,Super R.C. Pro-Am,GB,1991.0,Racing,Nintendo,0.58,0.37,0.15,0.04,1.14
9686,Godzilla Unleashed: Double Smash,DS,2007.0,Action,Atari,0.11,0.0,0.0,0.01,0.12
6139,Chromehounds,X360,2006.0,Simulation,Sega,0.24,0.0,0.01,0.02,0.28
13194,Around the World in 80 Days,GBA,2004.0,Action,Hip Interactive,0.03,0.01,0.0,0.0,0.05
10692,Happy Feet Two,X360,,Action,Warner Bros. Interactive Entertainment,0.08,0.01,0.0,0.01,0.1
9259,Daytona USA Championship Circuit Edition,SAT,1995.0,Racing,Sega,0.0,0.0,0.14,0.0,0.14
12855,Miracle Girls Festival,PSV,2015.0,Misc,Sega,0.0,0.0,0.05,0.0,0.05
9949,Hanagumi Taisen Columns,SAT,1997.0,Puzzle,Sega,0.0,0.0,0.12,0.0,0.12
5770,Harvest Moon: Magical Melody,Wii,2008.0,Simulation,Rising Star Games,0.25,0.04,0.0,0.03,0.31
12617,Brave: A Warrior's Tale,Wii,2009.0,Action,SouthPeak Games,0.05,0.0,0.0,0.0,0.06
2629,Professor Layton and the Azran Legacy,3DS,2013.0,Puzzle,Nintendo,0.0,0.48,0.25,0.06,0.78
11135,Hyperdimension Neptunia Re;Birth 2,PSV,2014.0,Action,Idea Factory International,0.05,0.02,0.0,0.02,0.09
6691,F1 Pole Position 64,N64,1997.0,Racing,Ubisoft,0.11,0.13,0.0,0.01,0.25
6535,Tony Hawk: Shred,X360,2010.0,Sports,Activision,0.17,0.07,0.0,0.02,0.26
6436,Atelier Ayesha: The Alchemist of Dusk,PS3,2012.0,Role-Playing,Tecmo Koei,0.06,0.04,0.14,0.02,0.27
2974,Plants vs. Zombies: Garden Warfare,XOne,2014.0,Shooter,Electronic Arts,0.39,0.23,0.0,0.06,0.68
11067,Super Robot Wars OG: The Moon Dwellers,PS4,2016.0,Misc,Namco Bandai Games,0.0,0.0,0.09,0.0,0.09
1975,Tag Team Match M.U.S.C.L.E.,NES,1985.0,Fighting,Namco Bandai Games,0.0,0.0,1.05,0.0,1.05
12893,Samurai Warriors 4-II,PSV,2015.0,Action,Tecmo Koei,0.0,0.0,0.05,0.0,0.05
2861,Dragon Quest Swords: The Masked Queen and the Tower of Mirrors,Wii,2007.0,Role-Playing,Square Enix,0.18,0.01,0.5,0.02,0.71
4832,18 Wheeler: American Pro Trucker,PS2,2001.0,Racing,Acclaim Entertainment,0.2,0.15,0.0,0.05,0.4
9846,Slayers,SNES,1994.0,Role-Playing,Banpresto,0.0,0.0,0.12,0.0,0.12
4288,Scooby-Doo! and the Spooky Swamp,Wii,2010.0,Action,Warner Bros. Interactive Entertainment,0.29,0.13,0.0,0.04,0.46
1983,WWE SmackDown vs. Raw 2010,X360,2009.0,Fighting,THQ,0.56,0.38,0.01,0.11,1.05
4734,The LEGO Movie Videogame,PSV,2014.0,Action,Warner Bros. Interactive Entertainment,0.05,0.26,0.0,0.09,0.41
5002,NFL GameDay 2002,PS2,2001.0,Sports,Sony Computer Entertainment,0.19,0.15,0.0,0.05,0.38
15254,Painkiller,PC,2004.0,Shooter,DreamCatcher Interactive,0.0,0.02,0.0,0.0,0.02
2504,Casper,PS,1996.0,Adventure,Interplay,0.46,0.31,0.0,0.05,0.83
1641,Parfait: Chocolat Second Style,PS2,2006.0,Adventure,Alchemist,0.59,0.46,0.01,0.15,1.22
7550,State of Decay,XOne,2015.0,Strategy,Microsoft Game Studios,0.14,0.05,0.0,0.02,0.2
13037,Ontamarama,DS,2007.0,Action,Atlus,0.05,0.0,0.0,0.0,0.05
5606,Ben 10 Ultimate Alien: Cosmic Destruction,DS,2010.0,Platform,D3Publisher,0.22,0.08,0.0,0.03,0.32
13971,Garfield: The Search for Pooky,GBA,2003.0,Platform,Game Factory,0.03,0.01,0.0,0.0,0.04
5261,J-League Pro Soccer Club o Tsukurou!,DC,1999.0,Sports,Sega,0.0,0.0,0.36,0.0,0.36
4376,Band Hero,DS,2009.0,Misc,Activision,0.21,0.19,0.0,0.05,0.45
15807,Call of Duty: Modern Warfare Trilogy,X360,2016.0,Shooter,Activision,0.01,0.01,0.0,0.0,0.02
7948,Star Trek: Legacy,X360,,Simulation,Ubisoft,0.14,0.03,0.0,0.02,0.19
15188,Shippuu Mahou Daisakusen: Kingdom-Grandprix,SAT,1996.0,Shooter,Gaga,0.0,0.0,0.02,0.0,0.02
15875,Dead to Rights,GBA,2004.0,Shooter,Zoo Digital Publishing,0.01,0.0,0.0,0.0,0.02
6295,Hatsune Miku: Project Diva f,PS3,2013.0,Misc,Sega,0.08,0.0,0.19,0.01,0.27
13844,Zatch Bell! Mamodo Fury,GC,2005.0,Fighting,Namco Bandai Games,0.03,0.01,0.0,0.0,0.04
9344,NHL 2K8,X360,2007.0,Sports,Take-Two Interactive,0.11,0.01,0.0,0.01,0.13
9872,Fit in Six,Wii,2011.0,Sports,Ubisoft,0.11,0.0,0.0,0.01,0.12
15358,Onechanbara Special,PSP,2011.0,Action,D3Publisher,0.0,0.0,0.02,0.0,0.02
797,Wipeout: The Game,Wii,2009.0,Misc,Mindscape,1.97,0.0,0.0,0.12,2.09
14542,SD Gundam: Gashapon Wars,Wii,2010.0,Strategy,Namco Bandai Games,0.0,0.0,0.03,0.0,0.03
16332,Element Hunter,DS,2009.0,Role-Playing,Namco Bandai Games,0.0,0.0,0.01,0.0,0.01
15849,Psychedelica of the Black Butterfly,PSV,2015.0,Action,Idea Factory,0.0,0.0,0.02,0.0,0.02
9121,Dead to Rights,GC,2002.0,Shooter,Electronic Arts,0.11,0.03,0.0,0.0,0.14
9691,Obscure: The Aftermath,Wii,2008.0,Action,Playlogic Game Factory,0.12,0.0,0.0,0.01,0.12
14284,Guitar Hero: World Tour,PC,2009.0,Misc,Aspyr,0.0,0.03,0.0,0.01,0.03
9391,James Bond 007: Legends,WiiU,2012.0,Shooter,Activision,0.07,0.05,0.0,0.01,0.13
10752,Disney Sing It! High School Musical 3: Senior Year,X360,2009.0,Misc,Disney Interactive Studios,0.09,0.0,0.0,0.01,0.1
743,Saints Row,X360,2006.0,Action,THQ,1.17,0.78,0.02,0.22,2.19
12246,Jewel Quest IV: Heritage,DS,2011.0,Puzzle,iWin,0.0,0.05,0.0,0.01,0.06
11184,Jimmy Neutron: Boy Genius,GC,2002.0,Platform,THQ,0.07,0.02,0.0,0.0,0.09
3746,Over the Hedge,PS2,2006.0,Platform,Activision,0.45,0.02,0.0,0.07,0.54
13432,Avatar: The Game,PC,2009.0,Action,Ubisoft,0.0,0.04,0.0,0.01,0.05
4194,The Sims 3: Ambitions,PC,2010.0,Simulation,Electronic Arts,0.0,0.29,0.0,0.18,0.47
14380,Fullmetal Alchemist: Brotherhood,PSP,,Action,Unknown,0.0,0.0,0.03,0.0,0.03
5391,Fantastic Voyage,2600,1981.0,Action,20th Century Fox Video Games,0.32,0.02,0.0,0.0,0.34
15666,Wizardry Twin Pack,PS3,2011.0,Role-Playing,Acquire,0.0,0.0,0.02,0.0,0.02
1213,Dark Cloud,PS2,2000.0,Role-Playing,Sony Computer Entertainment,0.83,0.44,0.08,0.19,1.54
10216,Lunacy,SAT,1996.0,Adventure,Sega,0.0,0.0,0.11,0.0,0.11
11147,MLB 2K9 Fantasy All-Stars,DS,2009.0,Sports,Take-Two Interactive,0.08,0.0,0.0,0.01,0.09
16,Kinect Adventures!,X360,2010.0,Misc,Microsoft Game Studios,14.97,4.94,0.24,1.67,21.82
9608,Black Dawn,PS,1996.0,Simulation,Virgin Interactive,0.07,0.05,0.0,0.01,0.13
5006,Mobile Suit Gundam: Giren no Yabou Zeon Dokuritsu Sensouden,PS2,2002.0,Strategy,Namco Bandai Games,0.0,0.0,0.38,0.0,0.38
6901,Hello Kitty Seasons,Wii,2010.0,Adventure,Namco Bandai Games,0.16,0.06,0.0,0.02,0.24
15106,Blade Arcus from Shining EX,PS3,2015.0,Fighting,Sega,0.0,0.0,0.02,0.0,0.02
2684,Donkey Kong Country 3,GBA,2005.0,Platform,Nintendo,0.45,0.17,0.14,0.01,0.77
4259,The Legend of Spyro: Dawn of the Dragon,PS3,2008.0,Platform,Vivendi Games,0.19,0.19,0.0,0.08,0.46
15694,Prince of Stride,PSV,2015.0,Adventure,Kadokawa Games,0.0,0.0,0.02,0.0,0.02
6261,Deadpool,PS4,2015.0,Action,Activision,0.13,0.1,0.0,0.05,0.28
10427,Princess Debut,DS,2008.0,Misc,Cave,0.1,0.0,0.0,0.01,0.1
1756,Test Drive: Off Road,PS,1997.0,Racing,Eidos Interactive,0.65,0.44,0.0,0.08,1.16
6926,Fallout 3 Game Add-On Pack: Broken Steel and Point Lookout,X360,2009.0,Role-Playing,Bethesda Softworks,0.16,0.06,0.0,0.02,0.24
706,TOCA Touring Car Championship,PS,1997.0,Racing,Codemasters,0.07,2.0,0.02,0.18,2.28
9975,Yattaman DS: BikkuriDokkiri Daisakusen da Koron,DS,2008.0,Action,Takara Tomy,0.0,0.0,0.12,0.0,0.12
11163,Ty the Tasmanian Tiger 3: Night of the Quinkan,GC,2005.0,Action,Activision,0.07,0.02,0.0,0.0,0.09
14648,Pacific Liberator,Wii,2009.0,Action,Zoo Games,0.03,0.0,0.0,0.0,0.03
5511,BattleTanx,N64,1998.0,Action,3DO,0.26,0.06,0.0,0.0,0.33
14641,Syberia II,XB,2004.0,Adventure,Ubisoft,0.02,0.01,0.0,0.0,0.03
15929,Storm Lover Kai!!,PSP,2012.0,Action,D3Publisher,0.0,0.0,0.02,0.0,0.02
10731,Championship Pony,DS,2008.0,Simulation,"Destination Software, Inc",0.09,0.0,0.0,0.01,0.1
9018,Fatal Frame,PS2,2001.0,Action,Wanadoo,0.07,0.06,0.0,0.02,0.14
2009,LEGO Marvel Super Heroes,XOne,2013.0,Action,Warner Bros. Interactive Entertainment,0.61,0.34,0.0,0.09,1.04
10005,SplashDown,XB,2002.0,Racing,Atari,0.09,0.02,0.0,0.0,0.11
14811,Super Monkey Ball Adventure,PS2,2006.0,Platform,Sega,0.01,0.01,0.0,0.0,0.03
9558,Fuse (Insomniac),X360,2013.0,Shooter,Electronic Arts,0.08,0.04,0.0,0.01,0.13
6272,Shin Nippon Pro Wrestling: Toukon Retsuden 2,PS,1996.0,Fighting,Tomy Corporation,0.0,0.0,0.26,0.02,0.27
16432,Goat Simulator,XOne,2016.0,Simulation,Koch Media,0.0,0.01,0.0,0.0,0.01
1426,Crash Bandicoot 2: N-Tranced,GBA,2003.0,Platform,Vivendi Games,0.63,0.66,0.0,0.07,1.36
664,Madden NFL 11,PS3,2010.0,Sports,Electronic Arts,2.04,0.15,0.0,0.19,2.38
14649,Botanicula,PC,2012.0,Adventure,Daedalic Entertainment,0.0,0.02,0.0,0.0,0.03
16193,Satisfashion,Wii,2010.0,Misc,Destineer,0.01,0.0,0.0,0.0,0.01
11747,Boku no Natsuyasumi Portable 2: Nazo Nazo Shimai to Chinbotsusen no Himitsu,PSP,2010.0,Adventure,Sony Computer Entertainment,0.0,0.0,0.07,0.0,0.07
6667,Spider-Man: Web of Shadows,Wii,2008.0,Action,Activision,0.22,0.01,0.0,0.02,0.25
2872,Godzilla: Destroy All Monsters Melee,GC,2002.0,Fighting,Atari,0.55,0.14,0.0,0.02,0.71
8570,Robots,GC,2005.0,Action,Vivendi Games,0.12,0.03,0.0,0.0,0.16
16259,Conflict: Denied Ops,PC,2008.0,Shooter,Eidos Interactive,0.0,0.01,0.0,0.0,0.01
14394,Timmy Time,DS,2011.0,Action,Avanquest,0.0,0.03,0.0,0.0,0.03
12331,Bomberman Land,PSP,2007.0,Misc,Hudson Entertainment,0.06,0.0,0.0,0.01,0.06
7162,Momotarou Dentetsu 15,PS2,2005.0,Misc,Hudson Soft,0.0,0.0,0.22,0.0,0.22
1023,Madden NFL 99,PS,1998.0,Sports,Electronic Arts,1.66,0.04,0.0,0.04,1.74
7682,Harry Potter and the Goblet of Fire,PSP,2005.0,Action,Electronic Arts,0.17,0.01,0.0,0.02,0.2
3064,Thrillville,PS2,2006.0,Strategy,Atari,0.55,0.02,0.0,0.09,0.66
7151,Assault,2600,1982.0,Action,Bomb,0.21,0.01,0.0,0.0,0.22
4817,Samurai Shodown,SNES,1994.0,Fighting,Takara,0.0,0.0,0.4,0.0,0.4
16115,1/2 Summer +,PSP,2013.0,Adventure,Kaga Create,0.0,0.0,0.01,0.0,0.01
7798,Conception II: Children of the Seven Stars,PSV,2013.0,Role-Playing,Screenlife,0.13,0.0,0.04,0.02,0.19
9051,Legend of the Guardians: The Owls of Ga'Hoole,DS,2010.0,Action,Warner Bros. Interactive Entertainment,0.11,0.02,0.0,0.01,0.14
11180,Escape Dead Island,X360,2014.0,Action,Deep Silver,0.03,0.05,0.0,0.01,0.09
14159,Simple DS Series Vol. 8: The Kanshikikan - Kinkyuu Shutsudou!! Jiken Genba wo Touch Seyo,DS,2006.0,Adventure,D3Publisher,0.0,0.0,0.03,0.0,0.03
4499,Madden NFL 2002,N64,2001.0,Sports,Electronic Arts,0.41,0.02,0.0,0.0,0.43
16427,Real Crimes: The Unicorn Killer,DS,2011.0,Puzzle,Unknown,0.0,0.01,0.0,0.0,0.01
6343,Tropico 4,PC,2011.0,Strategy,Kalypso Media,0.1,0.13,0.0,0.04,0.27
9795,Atelier Annie: Alchemists of Sera Island,DS,2009.0,Role-Playing,Gust,0.08,0.0,0.03,0.01,0.12
16204,Adventure Time: The Secret of the Nameless,X360,2014.0,Adventure,Little Orbit,0.01,0.0,0.0,0.0,0.01
7791,Breath of Fire: Dragon Quarter,PS2,2002.0,Role-Playing,Capcom,0.09,0.07,0.0,0.02,0.19
15293,Final Approach 2: 1st Priority,PS2,2008.0,Adventure,Princess Soft,0.0,0.0,0.02,0.0,0.02
3119,SingStar Pop Hits,PS2,2007.0,Misc,Sony Computer Entertainment,0.0,0.5,0.0,0.15,0.65
7349,The Bard's Tale,PS2,2004.0,Role-Playing,Ubisoft,0.1,0.08,0.0,0.03,0.21
8572,The King of Fighters XII,PS3,2009.0,Fighting,Ignition Entertainment,0.11,0.01,0.03,0.01,0.16
14428,Renai 0 Kilometer,PSP,2013.0,Adventure,Alchemist,0.0,0.0,0.03,0.0,0.03
10587,Disney's The Haunted Mansion,GC,2003.0,Platform,Take-Two Interactive,0.08,0.02,0.0,0.0,0.1
6989,Total War: Attila,PC,2015.0,Strategy,Sega,0.09,0.13,0.0,0.02,0.23
12255,187: Ride or Die,XB,2005.0,Racing,Ubisoft,0.05,0.01,0.0,0.0,0.06
5845,Karaoke Revolution Party,PS2,2005.0,Misc,Konami Digital Entertainment,0.15,0.12,0.0,0.04,0.3
6145,Avatar: The Last Airbender,Wii,2006.0,Adventure,THQ,0.24,0.02,0.0,0.02,0.28
2073,NBA Live 97,PS,1996.0,Sports,Electronic Arts,0.55,0.38,0.0,0.07,1.0
4644,Condemned: Criminal Origins,X360,2005.0,Action,Sega,0.36,0.03,0.0,0.03,0.42
4945,Just Dance 4,WiiU,2012.0,Misc,Ubisoft,0.22,0.14,0.0,0.03,0.39
11926,Jumper: Griffin's Story,PS2,2008.0,Action,Eidos Interactive,0.03,0.03,0.0,0.01,0.07
8253,Time Commando,PS,1996.0,Action,Adeline Software,0.1,0.07,0.0,0.01,0.17
2133,Mass Effect 3,PC,2012.0,Role-Playing,Electronic Arts,0.4,0.44,0.0,0.13,0.97
6111,DeathSmiles,X360,2009.0,Shooter,Rising Star Games,0.15,0.06,0.05,0.02,0.28
817,Tom Clancy's Splinter Cell: Conviction,X360,2010.0,Action,Ubisoft,1.2,0.63,0.04,0.19,2.06
11930,Mahjong Fight Club DS: Wi-Fi Taiou,DS,2006.0,Misc,Konami Digital Entertainment,0.0,0.0,0.07,0.0,0.07
12158,Pipe Mania,PSP,2008.0,Puzzle,Empire Interactive,0.06,0.0,0.0,0.01,0.07
5240,U-Sing,Wii,2009.0,Misc,Mindscape,0.0,0.32,0.0,0.03,0.36
4053,Terraria,PS3,2013.0,Action,505 Games,0.07,0.26,0.09,0.07,0.49
972,Kinect Star Wars,X360,2012.0,Action,Microsoft Game Studios,1.05,0.57,0.03,0.14,1.78
5527,NeoGeo Battle Coliseum,PS2,2005.0,Fighting,Ignition Entertainment,0.16,0.13,0.0,0.04,0.33
6147,Polaris,2600,1982.0,Action,Tigervision,0.26,0.02,0.0,0.0,0.28
7411,Brunswick Pro Bowling,PSP,2007.0,Sports,505 Games,0.19,0.0,0.0,0.02,0.21
3403,Yakuza 5,PS3,2012.0,Action,Sega,0.0,0.0,0.59,0.0,0.59
14524,Katekyoo Hitman Reborn! DS: Ore ga Boss! Saikyou Family Taisen,DS,2009.0,Action,Takara Tomy,0.0,0.0,0.03,0.0,0.03
13759,Test Drive: Ferrari Legends,PS3,2012.0,Racing,Unknown,0.04,0.0,0.0,0.0,0.04
8922,The Incredible Hulk: Ultimate Destruction,GC,2005.0,Action,Vivendi Games,0.11,0.03,0.0,0.0,0.15
9259,Daytona USA Championship Circuit Edition,SAT,1995.0,Racing,Sega,0.0,0.0,0.14,0.0,0.14
14957,Steel Battalion: Line of Contact,XB,2004.0,Simulation,Capcom,0.02,0.01,0.0,0.0,0.02
15301,Butt-Ugly Martians: Zoom or Doom!,PS2,2002.0,Racing,Vivendi Games,0.01,0.01,0.0,0.0,0.02
14952,No More Heroes: Heroes' Paradise,X360,2010.0,Action,Marvelous Interactive,0.0,0.0,0.02,0.0,0.02
11152,The Smurfs 2,WiiU,2013.0,Platform,Ubisoft,0.04,0.04,0.0,0.01,0.09
13263,Ultimate Ghosts 'n Goblins (JP sales),PSP,2006.0,Platform,Capcom,0.0,0.0,0.05,0.0,0.05
6162,Tales of the World: Radiant Mythology 3,PSP,2011.0,Role-Playing,Namco Bandai Games,0.0,0.0,0.28,0.0,0.28
8947,Code:Realize - Sousei no Himegimi,PSV,2014.0,Adventure,Idea Factory,0.09,0.0,0.03,0.03,0.15
12909,Puyo Puyo 7,Wii,2009.0,Puzzle,Sega,0.0,0.0,0.05,0.0,0.05
1314,WCW vs the World,PS,1998.0,Fighting,THQ,1.17,0.2,0.04,0.05,1.46
14982,Vantage Master Portable,PSP,2008.0,Role-Playing,Falcom Corporation,0.0,0.0,0.02,0.0,0.02
12842,Virtua Tennis 3,PSP,2007.0,Sports,Sega,0.02,0.03,0.0,0.01,0.05
16388,John Daly's ProStroke Golf,X360,2010.0,Sports,O-Games,0.01,0.0,0.0,0.0,0.01
10992,I Love Puppies,DS,2010.0,Simulation,Destineer,0.09,0.0,0.0,0.01,0.09
9331,Fashion Studio: Paris Collection,DS,2009.0,Misc,Ubisoft,0.13,0.0,0.0,0.01,0.13
13276,FIFA Soccer 10,PC,2009.0,Sports,Electronic Arts,0.0,0.04,0.0,0.01,0.05
3894,Lords of the Fallen,PS4,2014.0,Role-Playing,Square Enix,0.17,0.23,0.02,0.09,0.51
15027,Are You Alice?,PSP,2011.0,Adventure,Idea Factory,0.0,0.0,0.02,0.0,0.02
10241,Michael Phelps: Push the Limit,X360,2011.0,Sports,505 Games,0.09,0.01,0.0,0.01,0.11
3491,Tenchu 2: Birth of the Stealth Assassins,PS,2000.0,Action,Activision,0.32,0.22,0.0,0.04,0.58
10808,MX SuperFly featuring Ricky Carmichael,XB,2002.0,Racing,THQ,0.07,0.02,0.0,0.0,0.1
10399,Jikkyou Powerful Pro Yakyuu 13 Ketteiban,PS2,2006.0,Sports,Konami Digital Entertainment,0.0,0.0,0.11,0.0,0.11
13171,Baku Baku,SAT,1995.0,Puzzle,Sega,0.0,0.0,0.05,0.0,0.05
2871,Madden NFL 08,PSP,2007.0,Sports,Electronic Arts,0.6,0.04,0.0,0.07,0.71
2293,DJ Hero,PS3,2009.0,Misc,Activision,0.42,0.34,0.0,0.14,0.91
9179,Eragon,X360,2006.0,Action,Vivendi Games,0.12,0.01,0.0,0.01,0.14
12486,Nazotoki Battle Tore! Densetsu no Makyuu o Fukkatsu Saseyo!,3DS,2014.0,Action,Namco Bandai Games,0.0,0.0,0.06,0.0,0.06
15730,MX vs. ATV Supercross Encore,XOne,2015.0,Sports,Nordic Games,0.02,0.0,0.0,0.0,0.02
15873,V-Rally 3,XB,2003.0,Racing,Atari,0.01,0.0,0.0,0.0,0.02
229,Forza Motorsport 4,X360,2011.0,Racing,Microsoft Game Studios,2.08,2.04,0.06,0.47,4.64
16268,Myself; Yourself,PS2,2007.0,Adventure,Yeti,0.0,0.0,0.01,0.0,0.01
7145,Killer is Dead,PS3,2013.0,Action,Deep Silver,0.12,0.04,0.05,0.02,0.22
16021,Nobunaga no Yabou DS,DS,2006.0,Strategy,Tecmo Koei,0.0,0.0,0.01,0.0,0.01
202,Resident Evil,PS,1996.0,Action,Virgin Interactive,2.05,1.16,1.11,0.73,5.05
7921,CSI: Fatal Conspiracy,PS3,2010.0,Adventure,Ubisoft,0.11,0.05,0.0,0.02,0.19
15024,Penguins of Madagascar,Wii,2014.0,Action,Namco Bandai Games,0.0,0.02,0.0,0.0,0.02
1825,Rocksmith,X360,2011.0,Misc,Ubisoft,0.84,0.2,0.01,0.08,1.12
9183,Desire,SAT,1997.0,Adventure,Imadio,0.0,0.0,0.14,0.0,0.14
12191,Army Men: Green Rogue,PS,2001.0,Action,3DO,0.04,0.02,0.0,0.0,0.07
16171,Wallace & Gromit: Curse of the Were-Rabbit,XB,2005.0,Adventure,Konami Digital Entertainment,0.01,0.0,0.0,0.0,0.01
15179,Eureka Seven Vol. 2: The New Vision,PS2,2006.0,Shooter,Namco Bandai Games,0.0,0.0,0.02,0.0,0.02
3472,Digimon World 2,PS,2000.0,Role-Playing,Namco Bandai Games,0.23,0.16,0.16,0.04,0.58
6137,Siren: Blood Curse,PS3,2008.0,Action,Sony Computer Entertainment,0.0,0.17,0.09,0.02,0.28
10374,Mace Griffin: Bounty Hunter,XB,2003.0,Shooter,Electronic Arts,0.08,0.02,0.0,0.0,0.11
15375,Super Bowling,N64,1999.0,Sports,Athena,0.02,0.0,0.0,0.0,0.02
5823,Magna Carta 2,X360,2009.0,Role-Playing,Banpresto,0.13,0.08,0.07,0.02,0.3
3399,NFL Blitz 2001,PS,2000.0,Sports,Midway Games,0.33,0.22,0.0,0.04,0.59
14867,Monster Hunter Frontier Online: Forward 2,X360,2011.0,Role-Playing,Capcom,0.0,0.0,0.03,0.0,0.03
12956,Culdcept Revolt,3DS,2016.0,Strategy,Nintendo,0.0,0.0,0.05,0.0,0.05
3844,DC Universe Online,PS3,2011.0,Role-Playing,Sony Online Entertainment,0.35,0.12,0.0,0.06,0.52
7883,Warriors: Legends of Troy,PS3,2011.0,Action,Tecmo Koei,0.06,0.05,0.07,0.02,0.19
7883,Warriors: Legends of Troy,PS3,2011.0,Action,Tecmo Koei,0.06,0.05,0.07,0.02,0.19
14344,Konami Classics Series: Arcade Hits,DS,2007.0,Misc,Konami Digital Entertainment,0.01,0.0,0.02,0.0,0.03
13142,Shinseiki Evangelion 2: Tsukurareshi Sekai - Another Cases,PSP,2006.0,Adventure,Namco Bandai Games,0.0,0.0,0.05,0.0,0.05
13827,Castlevania: Lords of Shadow 2,PC,2014.0,Action,Konami Digital Entertainment,0.01,0.03,0.0,0.0,0.04
9817,Street Hoops,GC,,Sports,Unknown,0.09,0.02,0.0,0.0,0.12
10099,Cold Fear,PS2,2005.0,Action,Ubisoft,0.06,0.04,0.0,0.01,0.11
7612,CSI: Unsolved!,DS,2010.0,Adventure,Ubisoft,0.13,0.06,0.0,0.02,0.2
8980,SafeCracker: The Ultimate Puzzle Adventure,DS,2009.0,Puzzle,The Adventure Company,0.07,0.06,0.0,0.01,0.15
9158,Eternal Eyes,PS,1999.0,Role-Playing,Sunsoft,0.08,0.05,0.0,0.01,0.14
8166,K-1 World Grand Prix,PS2,2002.0,Sports,Konami Digital Entertainment,0.04,0.03,0.1,0.01,0.18
14829,Let's Play Ballerina,Wii,2010.0,Sports,Deep Silver,0.02,0.0,0.0,0.0,0.03
788,Scooby-Doo! Night of 100 Frights,PS2,2002.0,Platform,THQ,1.17,0.72,0.0,0.22,2.1
7414,Monopoly,N64,1999.0,Misc,Hasbro Interactive,0.17,0.04,0.0,0.0,0.21
9054,Star Ocean: Blue Sphere,GB,2001.0,Role-Playing,Enix Corporation,0.0,0.0,0.14,0.0,0.14
11839,Maximum Chase,XB,2002.0,Racing,Microsoft Game Studios,0.05,0.02,0.0,0.0,0.07
12845,NHL Powerplay 98,PS,1997.0,Sports,Virgin Interactive,0.03,0.02,0.0,0.0,0.05
6978,Saint Seiya: Sanctuary Battle,PS3,2011.0,Action,Namco Bandai Games,0.0,0.09,0.11,0.03,0.23
32,Call of Duty: Black Ops,X360,2010.0,Shooter,Activision,9.67,3.73,0.11,1.13,14.64
6880,Lucky Luke,PS,1998.0,Platform,Ocean,0.13,0.09,0.0,0.02,0.24
12914,Major League Baseball 2K11,PSP,2011.0,Sports,Take-Two Interactive,0.05,0.0,0.0,0.0,0.05
3241,Tony Hawk's American Wasteland,XB,2005.0,Sports,Activision,0.4,0.2,0.0,0.03,0.62
4457,Naughty Bear,PS3,2010.0,Action,505 Games,0.18,0.18,0.0,0.07,0.44
4365,Fatal Fury 2,SNES,1993.0,Fighting,Takara,0.0,0.0,0.45,0.0,0.45
2247,Top Gun: Combat Zones,PS2,2001.0,Simulation,Titus,0.45,0.35,0.0,0.12,0.92
2174,ESPN NBA 2K5,XB,2004.0,Sports,Global Star,0.88,0.04,0.0,0.04,0.95
16330,Inversion,PC,,Shooter,Namco Bandai Games,0.01,0.0,0.0,0.0,0.01
10214,The Croods: Prehistoric Party!,Wii,2013.0,Misc,D3Publisher,0.03,0.07,0.0,0.01,0.11
3551,RalliSport Challenge,XB,2002.0,Racing,Microsoft Game Studios,0.39,0.16,0.0,0.02,0.57
14113,Travel Coach: Europe 1,DS,2008.0,Misc,HMH Interactive,0.0,0.03,0.0,0.0,0.03
8407,Shin Megami Tensei: Devil Summoner 2 - Raidou Kuzunoha vs. King Abaddon (JP sales),PS2,2008.0,Role-Playing,Atlus,0.0,0.0,0.17,0.0,0.17
5456,Street Fighter Alpha 3 MAX,PSP,2006.0,Fighting,Capcom,0.27,0.01,0.02,0.03,0.33
9502,FIFA World Cup Germany 2006,GC,2006.0,Sports,Electronic Arts,0.1,0.03,0.0,0.0,0.13
7956,Grand Slam Tennis 2,X360,2012.0,Sports,Electronic Arts,0.1,0.07,0.0,0.02,0.19
14855,I Heart Geeks,DS,2011.0,Puzzle,CDV Software Entertainment,0.02,0.0,0.0,0.0,0.03
12722,Samurai Jack: The Shadow of Aku,PS2,2004.0,Action,Sega,0.03,0.02,0.0,0.01,0.06
1215,Tom Clancy's Ghost Recon Advanced Warfighter,X360,2006.0,Shooter,Ubisoft,1.4,0.02,0.02,0.1,1.54
1977,UFC Undisputed 3,PS3,2012.0,Action,THQ,0.55,0.34,0.03,0.13,1.05
14542,SD Gundam: Gashapon Wars,Wii,2010.0,Strategy,Namco Bandai Games,0.0,0.0,0.03,0.0,0.03
5866,Zoo Tycoon 2 DS,DS,2008.0,Strategy,THQ,0.24,0.03,0.0,0.02,0.3
7142,Def Jam: Fight for NY,GC,2004.0,Fighting,Electronic Arts,0.17,0.05,0.0,0.01,0.22
2016,Sonic Unleashed,PS3,2008.0,Platform,Sega,0.56,0.33,0.01,0.14,1.03
15920,Violet no Atelier: Gramnad no Renkinjutsushi 2 - Gunjou no Omoide,PSP,2011.0,Role-Playing,Gust,0.0,0.0,0.02,0.0,0.02
14693,TV Total Events,Wii,2011.0,Misc,7G//AMES,0.0,0.02,0.0,0.0,0.03
16436,Clive Barker's Jericho,PC,2007.0,Shooter,Codemasters,0.0,0.01,0.0,0.0,0.01
13563,Starry ? Sky: After Spring,PSP,2009.0,Misc,Aqua Plus,0.0,0.0,0.04,0.0,0.04
4980,Phantasy Star Ã˜,DS,2008.0,Role-Playing,Sega,0.16,0.0,0.2,0.01,0.38
12423,Crayon Shin-chan: Arashi o Yobu Kasukabe Eiga Stars!,3DS,2014.0,Adventure,Namco Bandai Games,0.0,0.0,0.06,0.0,0.06
6781,LEGO Ninjago: Shadow of Ronin,PSV,2015.0,Action,Warner Bros. Interactive Entertainment,0.03,0.16,0.0,0.05,0.24
6303,Jikkyou Powerful Pro Yakyuu Portable 4,PSP,2009.0,Sports,Konami Digital Entertainment,0.0,0.0,0.27,0.0,0.27
15083,Unreal Anthology,PC,2006.0,Shooter,Midway Games,0.0,0.02,0.0,0.0,0.02
1187,Smuggler's Run,PS2,2000.0,Racing,Take-Two Interactive,0.77,0.6,0.0,0.2,1.56
11848,Invizimals: The Alliance,PSV,2013.0,Action,Sony Computer Entertainment,0.0,0.05,0.0,0.02,0.07
16509,Samurai Shodown: Warrios Rage,PS,1999.0,Fighting,SNK,0.01,0.0,0.0,0.0,0.01
9952,Power Pro Kun Pocket 14,DS,2011.0,Sports,Konami Digital Entertainment,0.0,0.0,0.12,0.0,0.12
1240,Call of Duty 3,PS3,2006.0,Shooter,Activision,0.6,0.63,0.03,0.26,1.52
6255,Mobile Suit Gundam Side Story I: Senritsu no Blue,SAT,1996.0,Shooter,Namco Bandai Games,0.0,0.0,0.28,0.0,0.28
11769,Super Ghouls 'n Ghosts,GBA,2002.0,Platform,Capcom,0.05,0.02,0.0,0.0,0.07
15579,Sega Ages 2500 Series Vol. 29: Monster World Complete Collection,PS2,2007.0,Role-Playing,Sega,0.0,0.0,0.02,0.0,0.02
3910,International Superstar Soccer 2000 (All region sales),N64,1999.0,Sports,Konami Digital Entertainment,0.01,0.26,0.22,0.02,0.51
5246,We Sing Deutsche Hits,Wii,2011.0,Misc,Nordic Games,0.0,0.31,0.0,0.05,0.36
14737,Kintaihi Shounen no Jiken: Kyakusen Eris-Gou no Sangeki,DS,2009.0,Adventure,Creative Core,0.0,0.0,0.03,0.0,0.03
16165,Tiger Woods PGA Tour 2005,PC,2004.0,Sports,Electronic Arts,0.0,0.01,0.0,0.0,0.01
12401,The Next BIG Thing,PC,2011.0,Adventure,Focus Home Interactive,0.0,0.05,0.0,0.01,0.06
10744,MotoGP 07,PS2,2007.0,Racing,Capcom,0.05,0.04,0.0,0.01,0.1
8701,Megamind: Ultimate Showdown,PS3,2010.0,Action,THQ,0.07,0.06,0.0,0.02,0.16
13267,2002 FIFA World Cup,GC,2002.0,Sports,Electronic Arts,0.04,0.01,0.0,0.0,0.05
3152,James Bond 007: Everything or Nothing,XB,2004.0,Shooter,Electronic Arts,0.43,0.19,0.0,0.02,0.64
6616,Percy Jackson and the Olympians: The Lightning Thief,DS,2010.0,Role-Playing,Activision,0.22,0.01,0.0,0.02,0.25
886,X-Men Legends,PS2,2004.0,Role-Playing,Activision,1.0,0.72,0.0,0.21,1.93
6912,Lego Star Wars: The Force Awakens,XOne,2016.0,Action,Warner Bros. Interactive Entertainment,0.12,0.1,0.0,0.02,0.24
9926,Deception IV: Blood Ties,PS3,2014.0,Action,Tecmo Koei,0.02,0.02,0.06,0.01,0.12
2727,Genji: Days of the Blade,PS3,2006.0,Action,Sony Computer Entertainment,0.18,0.38,0.06,0.14,0.76
5005,Tamagotchi Connection: Corner Shop 3,DS,2007.0,Simulation,Atari,0.07,0.0,0.31,0.01,0.38
3677,Summer Sports: Paradise Island,Wii,2008.0,Sports,Ubisoft,0.49,0.02,0.0,0.04,0.55
15053,Luxor: The Wrath of Set,PSP,2006.0,Puzzle,Mumbo Jumbo,0.02,0.0,0.0,0.0,0.02
14289,Super Robot Taisen OG Saga: Masou Kishin III - Pride of Justice,PSV,2013.0,Strategy,Namco Bandai Games,0.0,0.0,0.03,0.0,0.03
16364,Act of Aggression,PC,2015.0,Strategy,Focus Home Interactive,0.0,0.01,0.0,0.0,0.01
10969,SingStar: Made In Germany,PS3,2009.0,Misc,Sony Computer Entertainment,0.0,0.07,0.0,0.02,0.09
14599,Guitar Freaks V & DrumMania V,PS2,2006.0,Simulation,Konami Digital Entertainment,0.0,0.0,0.03,0.0,0.03
12089,Lifeline,PS2,2003.0,Adventure,Sony Computer Entertainment,0.03,0.03,0.0,0.01,0.07
9404,Superman: The Man of Steel,XB,2002.0,Action,Atari,0.1,0.03,0.0,0.0,0.13
3132,Meccha! Taiko no Tatsujin Master DS: 7-tsu no Shima no Daibouken,DS,2008.0,Misc,Namco Bandai Games,0.0,0.0,0.65,0.0,0.65
10326,Attack of the Movies 3D,Wii,2010.0,Shooter,Majesco Entertainment,0.1,0.0,0.0,0.01,0.11
9779,NPPL: Championship Paintball 2009,X360,2008.0,Shooter,Activision Value,0.1,0.01,0.0,0.01,0.12
15635,Ultimate Puzzle Games,GBA,2005.0,Puzzle,Telegames,0.01,0.0,0.0,0.0,0.02
15104,Crazy Machines,Wii,2010.0,Puzzle,DTP Entertainment,0.01,0.01,0.0,0.0,0.02
11570,Skydiving Extreme,PS,2001.0,Sports,Banpresto,0.04,0.03,0.0,0.01,0.08
10421,Squinkies 2: Adventure Mall Surprize!,DS,2011.0,Platform,Activision,0.1,0.0,0.0,0.01,0.1
4322,Crash: Mind Over Mutant,Wii,2008.0,Platform,Vivendi Games,0.36,0.06,0.0,0.03,0.45
1116,LEGO Pirates of the Caribbean: The Video Game,Wii,2011.0,Action,Disney Interactive Studios,0.76,0.72,0.0,0.16,1.64
10262,Bust-A-Move DS,DS,2005.0,Puzzle,505 Games,0.08,0.02,0.0,0.01,0.11
16437,Tenjin Ranman: Happy GO Lucky!!,PSP,2010.0,Adventure,Russel,0.0,0.0,0.01,0.0,0.01
16085,Sakura Sakura: Haru Urara,PSP,2010.0,Adventure,GN Software,0.0,0.0,0.01,0.0,0.01
13090,Philosoma,PS,1995.0,Shooter,Sony Computer Entertainment,0.03,0.02,0.0,0.0,0.05
9037,Dragon Age: Origins - Ultimate Edition,PC,2010.0,Role-Playing,Electronic Arts,0.0,0.12,0.0,0.02,0.14
14743,Kiniro no Corda 2 f Encore,PSP,2009.0,Role-Playing,Tecmo Koei,0.0,0.0,0.03,0.0,0.03
14890,The Peanuts Movie: Snoopy's Grand Adventure,X360,2015.0,Action,Activision,0.0,0.02,0.0,0.0,0.03
4923,Mystery Case Files: The Malgrave Incident,Wii,2011.0,Adventure,Nintendo,0.19,0.17,0.0,0.03,0.39
10342,Dynasty Warriors Advance,GBA,2005.0,Action,Nintendo,0.08,0.03,0.0,0.0,0.11
14122,Radiant Silvergun,SAT,1998.0,Shooter,ESP,0.0,0.0,0.03,0.0,0.03
14030,World in Conflict: Complete Edition,PC,2009.0,Strategy,Ubisoft,0.0,0.03,0.0,0.01,0.04
2519,MediEvil: Resurrection,PSP,2005.0,Adventure,Sony Computer Entertainment,0.19,0.41,0.0,0.22,0.82
2455,Spider-Man 2,GC,2004.0,Action,Activision,0.65,0.17,0.0,0.02,0.84
8007,The Last Airbender,DS,2010.0,Action,THQ,0.13,0.04,0.0,0.01,0.18
9376,Peter Jackson's King Kong: The Official Game of the Movie,DS,2005.0,Action,Ubisoft,0.12,0.0,0.0,0.01,0.13
15246,GunParade Orchestra: Midori no Shou,PS2,2006.0,Adventure,Sony Computer Entertainment,0.0,0.0,0.02,0.0,0.02
11604,Agatha Christie: And Then There Were None,Wii,2008.0,Adventure,The Adventure Company,0.06,0.01,0.0,0.01,0.08
11415,"Hisshou Pachinko*Pachi-Slot Kouryaku Series DS Vol. 2: Shinseiki Evangelion - Shito, Futatabi",DS,2008.0,Misc,D3Publisher,0.0,0.0,0.08,0.0,0.08
4383,SingStar Take That,PS2,2009.0,Misc,Sony Computer Entertainment,0.0,0.06,0.0,0.39,0.45
3667,Star Wars: Dark Forces,PS,1996.0,Shooter,LucasArts,0.31,0.21,0.0,0.04,0.55
16574,Grisaia no Kajitsu: La Fruit de la Grisaia,PSP,2013.0,Adventure,Prototype,0.0,0.0,0.01,0.0,0.01
13823,Burnout Paradise: The Ultimate Box,X360,2009.0,Racing,Electronic Arts,0.0,0.03,0.0,0.0,0.04
9541,Monster Hunter Frontier Online,X360,2010.0,Role-Playing,Capcom,0.0,0.0,0.13,0.0,0.13
3182,Lemony Snicket's A Series of Unfortunate Events,PS2,2004.0,Platform,Activision,0.31,0.24,0.0,0.08,0.64
5173,Bejeweled 3,DS,,Puzzle,Unknown,0.32,0.02,0.0,0.03,0.36
14497,Big Mountain 2000,N64,1998.0,Sports,Imagineer,0.02,0.01,0.0,0.0,0.03
3965,The Mummy Returns,PS2,2001.0,Action,Universal Interactive,0.25,0.19,0.0,0.06,0.5
7873,Teenage Mutant Ninja Turtles 2: Battle Nexus,GC,2004.0,Action,Konami Digital Entertainment,0.15,0.04,0.0,0.01,0.19
9618,Garfield's Fun Fest,DS,2008.0,Platform,Zoo Digital Publishing,0.07,0.04,0.0,0.01,0.13
4901,LEGO Star Wars III: The Clone Wars,PSP,2011.0,Action,LucasArts,0.14,0.17,0.0,0.09,0.39
3783,Romance of the Three Kingdoms IV: Wall of Fire,SNES,1994.0,Strategy,Tecmo Koei,0.0,0.0,0.53,0.0,0.53
7351,Momotarou Dentetsu 16,PS2,2006.0,Misc,Hudson Soft,0.0,0.0,0.21,0.0,0.21
8059,Metal Gear Ac!d 2,PSP,2005.0,Strategy,Konami Digital Entertainment,0.11,0.01,0.05,0.01,0.18
12512,Virtual Chess 64,N64,1998.0,Misc,Titus,0.05,0.01,0.0,0.0,0.06
1401,True Crime: Streets of LA,XB,2003.0,Action,Activision,0.96,0.37,0.0,0.05,1.38
9599,Avatar: The Last Airbender - Into the Inferno,DS,2008.0,Adventure,THQ,0.11,0.01,0.0,0.01,0.13
69,Just Dance 2,Wii,2010.0,Misc,Ubisoft,5.84,2.89,0.01,0.78,9.52
2556,Dying Light,XOne,2015.0,Action,Warner Bros. Interactive Entertainment,0.43,0.3,0.01,0.07,0.81
16357,Monster Jam,PC,2007.0,Racing,Activision,0.01,0.0,0.0,0.0,0.01
16354,World Snooker Challenge 2005,PSP,2005.0,Sports,Sega,0.0,0.01,0.0,0.0,0.01
12883,FIFA Soccer 2003,GBA,2002.0,Sports,Electronic Arts,0.04,0.01,0.0,0.0,0.05
8293,Backyard NFL Football '09,PS2,2008.0,Sports,Atari,0.08,0.07,0.0,0.02,0.17
12654,Pop'n TwinBee: Rainbow Bell Adventure,SNES,1993.0,Platform,Konami Digital Entertainment,0.0,0.0,0.06,0.0,0.06
7104,The Raiden Project,PS,1995.0,Shooter,Ocean,0.06,0.04,0.12,0.01,0.23
5839,Trauma Center: New Blood,Wii,2007.0,Simulation,Nintendo,0.22,0.04,0.01,0.03,0.3
7394,Yoga Wii,Wii,2009.0,Sports,JoWood Productions,0.15,0.05,0.0,0.02,0.21
8376,Beat Down: Fists of Vengeance,PS2,2005.0,Action,Capcom,0.04,0.03,0.09,0.01,0.17
12878,WTA Tour Tennis,PS2,2001.0,Sports,Konami Digital Entertainment,0.03,0.02,0.0,0.01,0.05
979,Dragon's Dogma,PS3,2012.0,Role-Playing,Capcom,0.41,0.46,0.72,0.19,1.78
11409,I Am In The Movie,Wii,2012.0,Simulation,Namco Bandai Games,0.0,0.0,0.08,0.0,0.08
6048,DX Game of Life,PS,1996.0,Misc,Takara,0.0,0.0,0.27,0.02,0.29
16579,Rugby Challenge 3,XOne,2016.0,Sports,Alternative Software,0.0,0.01,0.0,0.0,0.01
2877,Final Fantasy X/X-2 HD Remaster,PS4,2015.0,Role-Playing,Square Enix,0.29,0.25,0.06,0.11,0.71
9707,NHL 2002,GBA,2002.0,Sports,Electronic Arts,0.09,0.03,0.0,0.0,0.12
663,NBA 2K15,PS4,2014.0,Sports,Take-Two Interactive,1.46,0.54,0.01,0.37,2.38
788,Scooby-Doo! Night of 100 Frights,PS2,2002.0,Platform,THQ,1.17,0.72,0.0,0.22,2.1
6633,Galactic Attack,SAT,1994.0,Shooter,Acclaim Entertainment,0.0,0.0,0.25,0.0,0.25
13213,Stunt GP,PS2,2001.0,Racing,Titus,0.02,0.02,0.0,0.01,0.05
14449,BeatMania IIDX 13: DistorteD,PS2,2007.0,Simulation,Konami Digital Entertainment,0.0,0.0,0.03,0.0,0.03
16430,Virtua Quest,GC,,Role-Playing,Unknown,0.01,0.0,0.0,0.0,0.01
14530,Muv-Luv Alternative: Total Eclipse,PS3,2013.0,Simulation,5pb,0.0,0.0,0.03,0.0,0.03
4129,Nickelodeon Team Umizoomi,DS,2011.0,Action,Take-Two Interactive,0.45,0.0,0.0,0.03,0.48
14362,PriPara & Pretty Rhythm: PriPara de Tsukaeru Oshare Item 1450!,3DS,2015.0,Action,Namco Bandai Games,0.0,0.0,0.03,0.0,0.03
14448,Hiiro no Kakera 3: Aoikuro no Kusabi,PS2,2008.0,Adventure,Idea Factory,0.0,0.0,0.03,0.0,0.03
2332,Castlevania: Circle of the Moon,GBA,2001.0,Platform,Konami Digital Entertainment,0.6,0.22,0.05,0.02,0.89
327,Ratchet & Clank: Size Matters,PSP,2007.0,Platform,Sony Computer Entertainment,1.4,1.4,0.1,0.87,3.77
4985,Wario Land II (GBC),GB,1998.0,Platform,Nintendo,0.0,0.0,0.38,0.0,0.38
9506,Digimon Racing,GBA,2004.0,Racing,Namco Bandai Games,0.09,0.03,0.0,0.0,0.13
16496,The Smurfs,3DS,,Action,Unknown,0.0,0.01,0.0,0.0,0.01
3462,Sammy Sosa High Heat Baseball 2001,PS,2000.0,Sports,3DO,0.32,0.22,0.0,0.04,0.58
2487,Lizzie McGuire 2: Lizzie Diaries,GBA,2004.0,Action,Disney Interactive Studios,0.6,0.22,0.0,0.01,0.83
6720,X-Men: Destiny,PS3,2011.0,Action,Activision,0.14,0.08,0.0,0.03,0.25
15990,Blackthorne,GBA,2003.0,Action,Activision,0.01,0.0,0.0,0.0,0.01
7079,Petz Rescue: Wildlife Vet,Wii,2008.0,Simulation,Ubisoft,0.21,0.0,0.0,0.02,0.23
9391,James Bond 007: Legends,WiiU,2012.0,Shooter,Activision,0.07,0.05,0.0,0.01,0.13
1646,Golden Sun: The Lost Age,GBA,2002.0,Role-Playing,Nintendo,0.61,0.27,0.27,0.07,1.22
16332,Element Hunter,DS,2009.0,Role-Playing,Namco Bandai Games,0.0,0.0,0.01,0.0,0.01
4946,Super Fire ProWrestling,SNES,1991.0,Fighting,Human Entertainment,0.0,0.0,0.39,0.0,0.39
13615,High Heat Baseball 2002,PS,2001.0,Sports,3DO,0.02,0.02,0.0,0.0,0.04
2887,Blast Corps,N64,1997.0,Action,Nintendo,0.39,0.09,0.17,0.06,0.71
3641,WWF Raw,XB,2002.0,Fighting,THQ,0.4,0.13,0.0,0.02,0.55
13970,C.O.R.E.,DS,2009.0,Shooter,Graffiti,0.03,0.0,0.0,0.0,0.04
10214,The Croods: Prehistoric Party!,Wii,2013.0,Misc,D3Publisher,0.03,0.07,0.0,0.01,0.11
14639,Spectral Souls: Resurrection of the Ethereal Empires,PSP,2005.0,Role-Playing,Idea Factory,0.03,0.0,0.0,0.0,0.03
6907,Grand Theft Auto,GBA,2004.0,Action,Take-Two Interactive,0.17,0.06,0.0,0.0,0.24
15826,Busou Renkin: Youkoso Papillon Park e,PS2,2007.0,Action,Marvelous Interactive,0.0,0.0,0.02,0.0,0.02
515,Assassin's Creed: Brotherhood,PS3,2010.0,Action,Ubisoft,1.87,0.57,0.11,0.3,2.84
13312,Kakuto Chojin,XB,2002.0,Fighting,Microsoft Game Studios,0.04,0.01,0.0,0.0,0.05
7303,Sailor Moon,SNES,1993.0,Action,Namco Bandai Games,0.0,0.0,0.22,0.0,0.22
3986,Spider-Man 2,DS,2004.0,Action,Activision,0.41,0.02,0.03,0.04,0.5
13737,Zen-Nippon GT Senshuken,SNES,1995.0,Racing,Banpresto,0.0,0.0,0.04,0.0,0.04
4065,Crazy Taxi,GC,2001.0,Racing,Acclaim Entertainment,0.36,0.09,0.02,0.01,0.49
6905,Lunar: Silver Star Harmony,PSP,2009.0,Role-Playing,GungHo,0.19,0.0,0.03,0.02,0.24
11121,Sniper Elite,XB,2005.0,Shooter,Ubisoft,0.07,0.02,0.0,0.0,0.09
9697,Pryzm Chapter One: The Dark Unicorn,PS2,2002.0,Adventure,TDK Mediactive,0.06,0.05,0.0,0.02,0.12
10343,Pachi-Slot Aruze Oukoku 3,PS,2000.0,Misc,Aruze Corp,0.0,0.0,0.1,0.01,0.11
15087,Kingdom: Ikkitousen no Ken,PSP,2010.0,Action,Konami Digital Entertainment,0.0,0.0,0.02,0.0,0.02
1176,Guitar Hero 5,Wii,2009.0,Misc,Activision,0.94,0.49,0.0,0.15,1.58
732,BioShock 2,X360,2010.0,Shooter,Take-Two Interactive,1.45,0.55,0.02,0.19,2.21
9880,7 Days to Die,PS4,2016.0,Action,Telltale Games,0.03,0.07,0.0,0.02,0.12
15923,Elminage II DS Remix: Sousei no Megami to Unmai no Daichi,DS,2010.0,Role-Playing,Starfish,0.0,0.0,0.02,0.0,0.02
14562,Hyperdimension Neptunia Vs. Sega Hard Girls: Yume no Gattai Special,PSV,2015.0,Role-Playing,Compile Heart,0.0,0.0,0.03,0.0,0.03
11150,Sengoku Basara 4: Sumeragi,PS3,2015.0,Action,Capcom,0.0,0.0,0.09,0.0,0.09
142,Gears of War,X360,2006.0,Shooter,Microsoft Game Studios,3.54,1.9,0.07,0.6,6.11
4844,MX vs. ATV Unleashed,XB,2005.0,Racing,THQ,0.32,0.07,0.0,0.01,0.4
3210,Cabela's Big Game Hunter (2008),Wii,2007.0,Sports,Activision,0.58,0.0,0.0,0.05,0.63
298,Minecraft,PS4,2014.0,Misc,Sony Computer Entertainment Europe,1.38,1.87,0.12,0.65,4.02
11729,Superman Returns,DS,2006.0,Action,Electronic Arts,0.07,0.0,0.0,0.01,0.08
853,Tenchu: Stealth Assassins,PS,1997.0,Action,Activision,0.95,0.64,0.27,0.13,1.99
2894,Jeopardy!,PS,1997.0,Misc,Hasbro Interactive,0.39,0.27,0.0,0.05,0.71
946,2 Games in 1: Sonic Advance & ChuChu Rocket!,GBA,2005.0,Misc,THQ,1.31,0.49,0.0,0.03,1.83
15229,Triple Crown Championship Snowboarding,Wii,2010.0,Sports,Destineer,0.02,0.0,0.0,0.0,0.02
15050,Strike Witches: Shirogane no Tsubasa,PSP,2012.0,Strategy,Kadokawa Shoten,0.0,0.0,0.02,0.0,0.02
2275,Homefront,PS3,2011.0,Shooter,THQ,0.32,0.4,0.04,0.15,0.91
3350,Tony Hawk: RIDE,PS3,2009.0,Sports,Activision,0.38,0.15,0.0,0.08,0.6
8021,Dead or Alive,SAT,1997.0,Fighting,Tecmo Koei,0.0,0.0,0.18,0.0,0.18
10501,Risen 3: Titan Lords,PS3,2014.0,Role-Playing,Deep Silver,0.02,0.06,0.0,0.02,0.1
3467,FIFA: Road to  World Cup 98,N64,1997.0,Sports,Electronic Arts,0.15,0.39,0.0,0.03,0.58
570,Hannah Montana,DS,2006.0,Action,Disney Interactive Studios,1.59,0.8,0.0,0.26,2.65
46,Pokemon HeartGold/Pokemon SoulSilver,DS,2009.0,Action,Nintendo,4.4,2.77,3.96,0.77,11.9
4994,SD Gundam G Generation Spirits,PS2,2007.0,Strategy,Namco Bandai Games,0.0,0.0,0.38,0.0,0.38
1654,Fuzion Frenzy,XB,2001.0,Misc,Microsoft Game Studios,0.93,0.24,0.0,0.04,1.21
16027,Simple DS Series Vol. 14: The Jidousha Kyoushuujo DS,DS,2007.0,Misc,D3Publisher,0.0,0.0,0.01,0.0,0.01
14144,Tour de France 2014,PS4,2014.0,Sports,Focus Home Interactive,0.0,0.03,0.0,0.0,0.03
1542,Imagine: Wedding Designer,DS,2008.0,Simulation,Ubisoft,0.55,0.59,0.0,0.14,1.28
8394,Off-World Interceptor Extreme,PS,1995.0,Racing,Crystal Dynamics,0.09,0.06,0.0,0.01,0.17
13887,Hatsune Miku: Project Diva X,PS4,2016.0,Misc,Sega,0.01,0.0,0.02,0.0,0.04
5288,Jikkyou Powerful Pro Yakyuu 13,PS2,2006.0,Sports,Konami Digital Entertainment,0.0,0.0,0.35,0.0,0.35
16569,End of Nations,PC,2012.0,Strategy,Trion Worlds,0.01,0.0,0.0,0.0,0.01
2068,UFC Undisputed 3,X360,2012.0,Action,THQ,0.72,0.21,0.0,0.07,1.0
1530,FIFA Street,PS3,2012.0,Sports,Electronic Arts,0.11,0.92,0.0,0.25,1.29
1742,EA Sports Active: More Workouts,Wii,2009.0,Sports,Electronic Arts,0.78,0.28,0.0,0.1,1.16
10567,Fallout 3 Game Add-On Pack: The Pitt and Operation: Anchorage,X360,2009.0,Role-Playing,Bethesda Softworks,0.09,0.01,0.0,0.01,0.1
10307,Hellboy: The Science of Evil,X360,2008.0,Action,Konami Digital Entertainment,0.1,0.0,0.0,0.01,0.11
15487,Rainbow Islands Revolution,DS,2005.0,Platform,Rising Star Games,0.01,0.0,0.0,0.0,0.02
5502,Cool Boarders 2001,PS2,2001.0,Sports,Sony Computer Entertainment,0.16,0.13,0.0,0.04,0.33
1045,Deal or No Deal,DS,2007.0,Misc,Mindscape,1.15,0.41,0.0,0.15,1.71
6742,Cars: Mater-National Championship,PS2,2007.0,Racing,THQ,0.12,0.09,0.0,0.03,0.25
12905,Jirou Akagawa: Majotachi no Nemuri,SNES,1995.0,Adventure,Pack-In-Video,0.0,0.0,0.05,0.0,0.05
6807,The Incredible Hulk,DS,2008.0,Action,Sega,0.22,0.0,0.0,0.02,0.24
2069,Winning Eleven: Pro Evolution Soccer 2007 (All Region sales),X360,2006.0,Sports,Konami Digital Entertainment,0.08,0.9,0.02,0.0,1.0
28,Brain Age 2: More Training in Minutes a Day,DS,2005.0,Puzzle,Nintendo,3.44,5.36,5.32,1.18,15.3
8551,Dynasty Warriors 4,XB,2003.0,Action,Tecmo Koei,0.12,0.03,0.0,0.01,0.16
6059,Shrek Super Party,PS2,2002.0,Misc,TDK Mediactive,0.14,0.11,0.0,0.04,0.29
14951,Juusanshi Engi Engetsu Sangokuden 2,PSP,2014.0,Action,Idea Factory,0.0,0.0,0.02,0.0,0.02
7437,Batman Begins,XB,2005.0,Action,Electronic Arts,0.16,0.04,0.0,0.01,0.21
9161,Atari's Greatest Hits: Volume 1,DS,2010.0,Misc,Atari,0.13,0.0,0.0,0.01,0.14
225,The Simpsons: Hit & Run,PS2,2003.0,Racing,Vivendi Games,1.73,2.19,0.0,0.79,4.7
265,Namco Museum,GBA,2001.0,Misc,Namco Bandai Games,3.0,1.11,0.05,0.07,4.24
14327,Togainu no Chi: True Blood,PS2,2008.0,Adventure,Kadokawa Shoten,0.0,0.0,0.03,0.0,0.03
6470,Love Plus,DS,2009.0,Simulation,Konami Digital Entertainment,0.0,0.0,0.26,0.0,0.26
13235,Blazing Souls: Accelate,PSP,2009.0,Role-Playing,Idea Factory,0.04,0.0,0.01,0.0,0.05
6409,Ultimate NES Remix,3DS,2014.0,Action,Unknown,0.15,0.09,0.0,0.02,0.27
11069,Jambo! Safari Animal Rescue,Wii,2009.0,Simulation,Sega,0.07,0.01,0.0,0.01,0.09
2311,Tiger Woods PGA Tour 12: The Masters,PS3,2011.0,Sports,Electronic Arts,0.52,0.26,0.0,0.12,0.9
8992,Elf: The Movie,GBA,2004.0,Action,Crave Entertainment,0.1,0.04,0.0,0.0,0.15
8048,Fear Effect 2: Retro Helix,PS,2001.0,Action,Eidos Interactive,0.1,0.07,0.0,0.01,0.18
